flood_scenario,region,actor,n_units,fail_share,survive_share,median_stressed_margin,median_stressed_cost_revenue_ratio,median_combined_buffer,dominant_stress_risk_label,dominant_predicted_vulnerability_label,stress_priority_signal
High,Garut,Farmer,98,0.29591836734693877,0.7040816326530612,4932000.0,0.5424121606904626,0.5827598763919518,Survives Scenario,Low Vulnerability,Watch
High,Garut,Middlemen,24,1.0,0.0,-24497500.0,1.7651064213564214,-0.35777417027417024,Already Failed,High Vulnerability,Severe
High,Garut,Retail,23,1.0,0.0,-4392500.0,2.2657142857142856,-0.7428571428571429,Already Failed,High Vulnerability,Severe
High,Garut,Rice Miller,24,0.6666666666666666,0.3333333333333333,-5242662.037037045,1.0845909398550453,0.1656992770345805,Already Failed,Low Vulnerability,High
High,Garut,Wholesaler,25,0.92,0.08,-27260000.0,1.4034090909090908,-0.07954545454545454,Already Failed,High Vulnerability,Severe
High,Indramayu,Farmer,62,0.1774193548387097,0.8225806451612904,9976200.0,0.733375997043547,0.4358646176588101,Survives Scenario,Low Vulnerability,Manageable
High,Indramayu,Middlemen,16,0.8125,0.1875,-37599165.58640901,1.4137249763607085,-0.08748075104669877,Already Failed,High Vulnerability,Severe
High,Indramayu,Retail,16,1.0,0.0,-4694550.0,2.74885,-1.1145,Already Failed,High Vulnerability,Severe
High,Indramayu,Rice Miller,17,0.8823529411764706,0.11764705882352941,-46862640.740740836,1.1616302521857398,0.10643826754943103,Critical Under High Stress,Low Vulnerability,Severe
High,Indramayu,Wholesaler,16,0.6875,0.3125,-33850000.0,1.075290404040404,0.17285353535353537,Critical Under High Stress,Low Vulnerability,High
High,Karawang,Farmer,53,0.09433962264150944,0.9056603773584906,29353000.0,0.6270588235294118,0.5176470588235295,Survives Scenario,Low Vulnerability,Manageable
High,Karawang,Middlemen,14,1.0,0.0,-20517500.0,1.3231275252525252,-0.017790404040404044,Critical Under High Stress,Medium Vulnerability,Severe
High,Karawang,Retail,16,1.0,0.0,-4826000.0,2.6303333333333336,-1.0233333333333334,Already Failed,High Vulnerability,Severe
High,Karawang,Rice Miller,14,1.0,0.0,-32238873.45679012,1.3837236084750306,-0.06440277575002354,Already Failed,High Vulnerability,Severe
High,Karawang,Wholesaler,14,0.7857142857142857,0.21428571428571427,-61495000.0,1.3234368556701033,-0.01802835051546392,Already Failed,High Vulnerability,Severe
High,Subang,Farmer,77,0.16883116883116883,0.8311688311688312,7073800.0,0.6611616161616162,0.4914141414141414,Survives Scenario,Low Vulnerability,Manageable
High,Subang,Middlemen,21,0.8571428571428571,0.14285714285714285,-19780000.0,1.1991191275167785,0.0776006711409396,Already Failed,High Vulnerability,Severe
High,Subang,Retail,19,1.0,0.0,-4150000.0,2.2533333333333334,-0.7333333333333333,Already Failed,High Vulnerability,Severe
High,Subang,Rice Miller,21,0.42857142857142855,0.5714285714285714,8727182.69329232,0.9783383957887385,0.24743200323943196,Survives Scenario,Low Vulnerability,Watch
High,Subang,Wholesaler,21,0.19047619047619047,0.8095238095238095,34950000.0,0.8096803652968037,0.3771689497716895,Survives Scenario,Low Vulnerability,Manageable
High,Tasikmalaya,Farmer,110,0.09090909090909091,0.9090909090909091,5449575.0,0.5464814814814815,0.5796296296296296,Survives Scenario,Low Vulnerability,Manageable
High,Tasikmalaya,Middlemen,29,1.0,0.0,-20907500.0,1.6849116161616162,-0.29608585858585856,Already Failed,High Vulnerability,Severe
High,Tasikmalaya,Retail,28,1.0,0.0,-4869875.0,2.623291666666667,-1.0179166666666668,Already Failed,High Vulnerability,Severe
High,Tasikmalaya,Rice Miller,29,0.9310344827586207,0.06896551724137931,-7285915.616999507,1.2081424356623132,0.07065966487514386,Critical Under High Stress,Medium Vulnerability,Severe
Low,Garut,Farmer,98,0.21428571428571427,0.7857142857142857,5885225.0,0.43810212978845053,0.5827598763919518,Survives Scenario,Low Vulnerability,Manageable
Low,Garut,Middlemen,24,1.0,0.0,-9483057.069082119,1.425662878787879,-0.35777417027417024,Already Failed,High Vulnerability,Severe
Low,Garut,Retail,23,0.9565217391304348,0.043478260869565216,-2905000.0,1.83,-0.7428571428571429,Already Failed,High Vulnerability,Severe
Low,Garut,Rice Miller,24,0.4166666666666667,0.5833333333333334,8315520.37111228,0.8760157591136906,0.1656992770345805,Survives Scenario,Low Vulnerability,Watch
Low,Garut,Wholesaler,25,0.76,0.24,-11767500.0,1.1335227272727273,-0.07954545454545454,Already Failed,High Vulnerability,Severe
Low,Indramayu,Farmer,62,0.0967741935483871,0.9032258064516129,16919250.0,0.5923421514582494,0.4358646176588101,Survives Scenario,Low Vulnerability,Manageable
Low,Indramayu,Middlemen,16,0.5625,0.4375,-10798286.02171497,1.1418547885990338,-0.08748075104669877,Already Failed,High Vulnerability,High
Low,Indramayu,Retail,16,1.0,0.0,-3296050.0,2.220225,-1.1145,Already Failed,High Vulnerability,Severe
Low,Indramayu,Rice Miller,17,0.35294117647058826,0.6470588235294118,11720472.717187136,0.9382398190730975,0.10643826754943103,Borderline,Low Vulnerability,Watch
Low,Indramayu,Wholesaler,16,0.0625,0.9375,206775000.0,0.8685037878787878,0.17285353535353537,Survives Scenario,Low Vulnerability,Manageable
Low,Karawang,Farmer,53,0.09433962264150944,0.9056603773584906,42510500.0,0.5064705882352941,0.5176470588235295,Survives Scenario,Low Vulnerability,Manageable
Low,Karawang,Middlemen,14,0.5714285714285714,0.42857142857142855,-2538750.0,1.0686799242424243,-0.017790404040404044,Already Failed,Medium Vulnerability,High
Low,Karawang,Retail,16,1.0,0.0,-3373500.0,2.1245,-1.0233333333333334,Already Failed,High Vulnerability,Severe
Low,Karawang,Rice Miller,14,0.7857142857142857,0.21428571428571427,-9333034.935897443,1.1176229145375247,-0.06440277575002354,Already Failed,High Vulnerability,Severe
Low,Karawang,Wholesaler,14,0.7857142857142857,0.21428571428571427,-12182500.0,1.068929768041237,-0.01802835051546392,Already Failed,High Vulnerability,Severe
Low,Subang,Farmer,77,0.09090909090909091,0.9090909090909091,12370500.0,0.5340151515151516,0.4914141414141414,Survives Scenario,Low Vulnerability,Manageable
Low,Subang,Middlemen,21,0.47619047619047616,0.5238095238095238,7505000.0,0.9685192953020134,0.0776006711409396,Already Failed,High Vulnerability,Watch
Low,Subang,Retail,19,1.0,0.0,-2775000.0,1.82,-0.7333333333333333,Already Failed,High Vulnerability,Severe
Low,Subang,Rice Miller,21,0.19047619047619047,0.8095238095238095,65204858.74985224,0.7901963965985964,0.24743200323943196,Survives Scenario,Low Vulnerability,Manageable
Low,Subang,Wholesaler,21,0.14285714285714285,0.8571428571428571,66525000.0,0.653972602739726,0.3771689497716895,Survives Scenario,Low Vulnerability,Manageable
Low,Tasikmalaya,Farmer,110,0.02727272727272727,0.9727272727272728,6790425.0,0.4413888888888889,0.5796296296296296,Survives Scenario,Low Vulnerability,Manageable
Low,Tasikmalaya,Middlemen,29,0.9655172413793104,0.034482758620689655,-9879922.827632844,1.3608901515151515,-0.29608585858585856,Already Failed,High Vulnerability,Severe
Low,Tasikmalaya,Retail,28,1.0,0.0,-3356437.5,2.1188124999999998,-1.0179166666666668,Already Failed,High Vulnerability,Severe
Low,Tasikmalaya,Rice Miller,29,0.4482758620689655,0.5517241379310345,1306000.0,0.975807351881099,0.07065966487514386,Survives Scenario,Medium Vulnerability,Watch
Medium,Garut,Farmer,98,0.23469387755102042,0.7653061224489796,5436000.0,0.47982614214925534,0.5827598763919518,Survives Scenario,Low Vulnerability,Manageable
Medium,Garut,Middlemen,24,1.0,0.0,-15088129.763597876,1.5614402958152955,-0.35777417027417024,Already Failed,High Vulnerability,Severe
Medium,Garut,Retail,23,1.0,0.0,-3514999.999999999,2.004285714285714,-0.7428571428571429,Already Failed,High Vulnerability,Severe
Medium,Garut,Rice Miller,24,0.4583333333333333,0.5416666666666666,2831284.21598012,0.9594458314102323,0.1656992770345805,Survives Scenario,Low Vulnerability,Watch
Medium,Garut,Wholesaler,25,0.88,0.12,-17602499.999999993,1.2414772727272725,-0.07954545454545454,Already Failed,High Vulnerability,Severe
Medium,Indramayu,Farmer,62,0.11290322580645161,0.8870967741935484,14217500.000000004,0.6487556896923683,0.4358646176588101,Survives Scenario,Low Vulnerability,Manageable
Medium,Indramayu,Middlemen,16,0.625,0.375,-23106954.172592573,1.2506028637037037,-0.08748075104669877,Already Failed,High Vulnerability,High
Medium,Indramayu,Retail,16,1.0,0.0,-3851024.9999999995,2.4316749999999994,-1.1145,Already Failed,High Vulnerability,Severe
Medium,Indramayu,Rice Miller,17,0.5294117647058824,0.47058823529411764,-5237000.122319013,1.0275959923181543,0.10643826754943103,Fails Under Scenario,Low Vulnerability,High
Medium,Indramayu,Wholesaler,16,0.125,0.875,77275000.00000012,0.9512184343434342,0.17285353535353537,Survives Scenario,Low Vulnerability,Manageable
Medium,Karawang,Farmer,53,0.09433962264150944,0.9056603773584906,38711500.0,0.5547058823529412,0.5176470588235295,Survives Scenario,Low Vulnerability,Manageable
Medium,Karawang,Middlemen,14,1.0,0.0,-8184999.999999998,1.1704589646464645,-0.017790404040404044,Fails Under Scenario,Medium Vulnerability,Severe
Medium,Karawang,Retail,16,1.0,0.0,-3958374.9999999995,2.326833333333333,-1.0233333333333334,Already Failed,High Vulnerability,Severe
Medium,Karawang,Rice Miller,14,1.0,0.0,-18321895.405982904,1.224063192112527,-0.06440277575002354,Already Failed,High Vulnerability,Severe
Medium,Karawang,Wholesaler,14,0.7857142857142857,0.21428571428571427,-31322499.99999997,1.1707326030927834,-0.01802835051546392,Already Failed,High Vulnerability,Severe
Medium,Subang,Farmer,77,0.11688311688311688,0.8831168831168831,10327625.0,0.5848737373737374,0.4914141414141414,Survives Scenario,Low Vulnerability,Manageable
Medium,Subang,Middlemen,21,0.5714285714285714,0.42857142857142855,-7614999.999999993,1.0607592281879192,0.0776006711409396,Already Failed,High Vulnerability,High
Medium,Subang,Retail,19,1.0,0.0,-3324999.999999999,1.9933333333333334,-0.7333333333333333,Already Failed,High Vulnerability,Severe
Medium,Subang,Rice Miller,21,0.19047619047619047,0.8095238095238095,47237714.62706944,0.8654531962746532,0.24743200323943196,Survives Scenario,Low Vulnerability,Manageable
Medium,Subang,Wholesaler,21,0.14285714285714285,0.8571428571428571,52380000.00000001,0.716255707762557,0.3771689497716895,Survives Scenario,Low Vulnerability,Manageable
Medium,Tasikmalaya,Farmer,110,0.045454545454545456,0.9545454545454546,6344275.0,0.48342592592592587,0.5796296296296296,Survives Scenario,Low Vulnerability,Manageable
Medium,Tasikmalaya,Middlemen,29,1.0,0.0,-13813500.0,1.4904987373737373,-0.29608585858585856,Already Failed,High Vulnerability,Severe
Medium,Tasikmalaya,Retail,28,1.0,0.0,-3961812.499999999,2.3206041666666666,-1.0179166666666668,Already Failed,High Vulnerability,Severe
Medium,Tasikmalaya,Rice Miller,29,0.6896551724137931,0.3103448275862069,-2880101.041133299,1.0687413853935845,0.07065966487514386,Fails Under Scenario,Medium Vulnerability,High
